,Date,Open,High,Low,Close
0,02/08/2013,1509.39,1518.31,1509.39,1517.93
1,02/11/2013,1517.93,1518.31,1513.61,1517.01
2,02/12/2013,1517.01,1522.29,1515.61,1519.43
3,02/13/2013,1519.43,1524.69,1515.93,1520.33
4,02/14/2013,1520.33,1523.14,1514.02,1521.38
5,02/15/2013,1521.38,1524.24,1514.14,1519.79
6,02/19/2013,1519.79,1530.94,1519.79,1530.94
7,02/20/2013,1530.94,1530.94,1511.41,1511.95
8,02/21/2013,1511.95,1511.95,1497.29,1502.42
9,02/22/2013,1502.42,1515.64,1502.42,1515.60
10,02/25/2013,1515.60,1525.84,1487.85,1487.85
11,02/26/2013,1487.85,1498.99,1485.01,1496.94
12,02/27/2013,1496.94,1520.08,1494.88,1515.99
13,02/28/2013,1515.99,1525.34,1514.46,1514.68
14,03/01/2013,1514.68,1519.99,1501.48,1518.20
15,03/04/2013,1518.20,1525.27,1512.29,1525.20
16,03/05/2013,1525.20,1543.47,1525.20,1539.79
17,03/06/2013,1539.79,1545.25,1538.11,1541.46
18,03/07/2013,1541.46,1545.78,1541.46,1544.26
19,03/08/2013,1544.26,1552.48,1542.94,1551.18
20,03/11/2013,1551.15,1556.27,1547.36,1556.22
21,03/12/2013,1556.22,1556.77,1548.24,1552.48
22,03/13/2013,1552.48,1556.39,1548.25,1554.52
23,03/14/2013,1554.52,1563.32,1554.52,1563.23
24,03/15/2013,1563.21,1563.62,1555.74,1560.70
25,03/18/2013,1560.70,1560.70,1545.13,1552.10
26,03/19/2013,1552.10,1557.25,1538.57,1548.34
27,03/20/2013,1548.34,1561.56,1548.34,1558.71
28,03/21/2013,1558.71,1558.71,1543.55,1545.80
29,03/22/2013,1545.90,1557.74,1545.90,1556.89
30,03/25/2013,1556.89,1564.91,1546.22,1551.69
31,03/26/2013,1551.69,1563.95,1551.69,1563.77
32,03/27/2013,1563.75,1564.07,1551.90,1562.85
33,03/28/2013,1562.86,1570.28,1561.08,1569.19
34,04/01/2013,1569.18,1570.57,1558.47,1562.17
35,04/02/2013,1562.17,1573.66,1562.17,1570.25
36,04/03/2013,1570.25,1571.47,1549.80,1553.69
37,04/04/2013,1553.69,1562.60,1552.52,1559.98
38,04/05/2013,1559.98,1559.98,1539.50,1553.28
39,04/08/2013,1553.26,1563.07,1548.63,1563.07
40,04/09/2013,1563.11,1573.89,1560.92,1568.61
41,04/10/2013,1568.61,1589.07,1568.61,1587.73
42,04/11/2013,1587.73,1597.35,1586.17,1593.37
43,04/12/2013,1593.30,1593.30,1579.97,1588.85
44,04/15/2013,1588.84,1588.84,1552.28,1552.36
45,04/16/2013,1552.36,1575.35,1552.36,1574.57
46,04/17/2013,1574.57,1574.57,1543.69,1552.01
47,04/18/2013,1552.03,1554.38,1536.03,1541.61
48,04/19/2013,1541.61,1555.89,1539.40,1555.25
49,04/22/2013,1555.25,1565.55,1548.19,1562.50
50,04/23/2013,1562.50,1579.58,1562.50,1578.78
51,04/24/2013,1578.78,1583.00,1575.80,1578.79
52,04/25/2013,1578.93,1592.64,1578.93,1585.16
53,04/26/2013,1585.16,1585.78,1577.56,1582.24
54,04/29/2013,1582.34,1596.65,1582.34,1593.61
55,04/30/2013,1593.58,1597.57,1586.50,1597.57
56,05/01/2013,1597.55,1597.55,1581.28,1582.70
57,05/02/2013,1582.77,1598.60,1582.77,1597.59
58,05/03/2013,1597.60,1618.46,1597.60,1614.42
59,05/06/2013,1614.40,1619.77,1614.21,1617.50
60,05/07/2013,1617.55,1626.03,1616.64,1625.96
61,05/08/2013,1625.95,1632.78,1622.70,1632.69
62,05/09/2013,1632.69,1635.01,1623.09,1626.67
63,05/10/2013,1626.69,1633.70,1623.71,1633.70
64,05/13/2013,1632.10,1636.00,1626.74,1633.77
65,05/14/2013,1633.75,1651.10,1633.75,1650.34
66,05/15/2013,1649.13,1661.49,1646.68,1658.78
67,05/16/2013,1658.07,1660.51,1648.60,1650.47
68,05/17/2013,1652.45,1667.47,1652.45,1667.47
69,05/20/2013,1665.71,1672.84,1663.52,1666.29
70,05/21/2013,1666.20,1674.93,1662.67,1669.16
71,05/22/2013,1669.39,1687.18,1648.86,1655.35
72,05/23/2013,1651.62,1655.50,1635.53,1650.51
73,05/24/2013,1646.67,1649.78,1636.88,1649.60
74,05/28/2013,1652.63,1674.21,1652.63,1660.06
75,05/29/2013,1656.57,1656.57,1640.05,1648.36
76,05/30/2013,1649.14,1661.91,1648.61,1654.41
77,05/31/2013,1652.13,1658.99,1630.74,1630.74
78,06/03/2013,1631.71,1640.42,1622.72,1640.42
79,06/04/2013,1640.73,1646.53,1623.62,1631.38
80,06/05/2013,1629.05,1629.31,1607.09,1608.90
81,06/06/2013,1609.29,1622.56,1598.23,1622.56
82,06/07/2013,1625.27,1644.40,1625.27,1643.38
83,06/10/2013,1644.67,1648.69,1639.26,1642.81
84,06/11/2013,1638.64,1640.13,1622.92,1626.13
85,06/12/2013,1629.94,1637.71,1610.92,1612.52
86,06/13/2013,1612.15,1639.25,1608.07,1636.36
87,06/14/2013,1635.52,1640.80,1623.96,1626.73
88,06/17/2013,1630.64,1646.50,1630.34,1639.04
89,06/18/2013,1639.77,1654.19,1639.77,1651.81
90,06/19/2013,1651.83,1652.45,1628.91,1628.93
91,06/20/2013,1624.62,1624.62,1584.32,1588.19
92,06/21/2013,1588.62,1599.19,1577.70,1592.43
93,06/24/2013,1588.77,1588.77,1560.33,1573.09
94,06/25/2013,1577.52,1593.79,1577.09,1588.03
95,06/26/2013,1592.27,1606.83,1592.27,1603.26
96,06/27/2013,1606.44,1620.07,1606.44,1613.20
97,06/28/2013,1611.12,1615.94,1601.06,1606.28
98,07/01/2013,1609.78,1626.61,1609.78,1614.96
99,07/02/2013,1614.29,1624.26,1606.77,1614.08
100,07/03/2013,1611.48,1618.97,1604.57,1615.41
101,07/05/2013,1618.65,1632.07,1614.71,1631.89
102,07/08/2013,1634.20,1644.68,1634.20,1640.46
103,07/09/2013,1642.89,1654.18,1642.89,1652.32
104,07/10/2013,1651.56,1657.92,1647.66,1652.62
105,07/11/2013,1657.41,1676.63,1657.41,1675.02
106,07/12/2013,1675.26,1680.19,1672.33,1680.19
107,07/15/2013,1679.59,1684.51,1677.89,1682.50
108,07/16/2013,1682.70,1683.73,1671.84,1676.26
109,07/17/2013,1677.91,1684.75,1677.91,1680.91
110,07/18/2013,1681.05,1693.12,1681.05,1689.37
111,07/19/2013,1686.15,1692.09,1684.08,1692.09
112,07/22/2013,1694.41,1697.61,1690.67,1695.53
113,07/23/2013,1696.63,1698.78,1691.13,1692.39
114,07/24/2013,1696.06,1698.38,1682.57,1685.94
115,07/25/2013,1685.21,1690.94,1680.07,1690.25
116,07/26/2013,1687.31,1691.85,1676.03,1691.65
117,07/29/2013,1690.32,1690.92,1681.86,1685.33
118,07/30/2013,1687.92,1693.19,1682.42,1685.96
119,07/31/2013,1687.76,1698.43,1684.94,1685.73
120,08/01/2013,1689.42,1707.85,1689.42,1706.87
121,08/02/2013,1706.10,1709.67,1700.68,1709.67
122,08/05/2013,1708.01,1709.24,1703.55,1707.14
123,08/06/2013,1705.79,1705.79,1693.29,1697.37
124,08/07/2013,1695.30,1695.30,1684.91,1690.91
125,08/08/2013,1693.35,1700.18,1688.38,1697.48
126,08/09/2013,1696.10,1699.42,1686.02,1691.42
127,08/12/2013,1688.37,1691.49,1683.35,1689.47
128,08/13/2013,1690.65,1696.81,1682.62,1694.16
129,08/14/2013,1693.88,1695.52,1684.83,1685.39
130,08/15/2013,1679.61,1679.61,1658.59,1661.32
131,08/16/2013,1661.22,1663.60,1652.61,1655.83
132,08/19/2013,1655.25,1659.18,1645.84,1646.06
133,08/20/2013,1646.81,1658.92,1646.08,1652.35
134,08/21/2013,1650.66,1656.99,1639.43,1642.80
135,08/22/2013,1645.03,1659.55,1645.03,1656.96
136,08/23/2013,1659.92,1664.85,1654.81,1663.50
137,08/26/2013,1664.29,1669.51,1656.02,1656.78
138,08/27/2013,1652.54,1652.54,1629.05,1630.48
139,08/28/2013,1630.25,1641.18,1627.47,1634.96
140,08/29/2013,1633.50,1646.41,1630.88,1638.17
141,08/30/2013,1638.89,1640.08,1628.05,1632.97
142,09/03/2013,1635.95,1651.35,1633.41,1639.77
143,09/04/2013,1640.72,1655.72,1637.41,1653.08
144,09/05/2013,1653.28,1659.17,1653.07,1655.08
145,09/06/2013,1657.44,1664.83,1640.62,1655.17
146,09/09/2013,1656.85,1672.40,1656.85,1671.71
147,09/10/2013,1674.32,1684.09,1674.32,1683.99
148,09/11/2013,1681.04,1689.13,1678.70,1689.13
149,09/12/2013,1689.21,1689.97,1681.96,1683.42
150,09/13/2013,1685.04,1688.73,1682.22,1687.99
151,09/16/2013,1691.70,1704.95,1691.70,1697.60
152,09/17/2013,1697.73,1705.52,1697.73,1704.76
153,09/18/2013,1705.74,1729.44,1700.35,1725.52
154,09/19/2013,1727.34,1729.86,1720.20,1722.34
155,09/20/2013,1722.44,1725.23,1708.89,1709.91
156,09/23/2013,1711.44,1711.44,1697.10,1701.84
157,09/24/2013,1702.60,1707.63,1694.90,1697.42
158,09/25/2013,1698.02,1701.71,1691.88,1692.77
159,09/26/2013,1694.05,1703.85,1693.11,1698.67
160,09/27/2013,1695.52,1695.52,1687.11,1691.75
161,09/30/2013,1687.26,1687.26,1674.99,1681.55
162,10/01/2013,1682.41,1696.55,1682.07,1695.00
163,10/02/2013,1691.90,1693.87,1680.34,1693.87
164,10/03/2013,1692.35,1692.35,1670.36,1678.66
165,10/04/2013,1678.79,1691.94,1677.33,1690.50
166,10/07/2013,1687.15,1687.15,1674.70,1676.12
167,10/08/2013,1676.22,1676.79,1655.03,1655.45
168,10/09/2013,1656.99,1662.47,1646.47,1656.40
169,10/10/2013,1660.88,1692.56,1660.88,1692.56
170,10/11/2013,1691.09,1703.44,1688.52,1703.20
171,10/14/2013,1699.86,1711.03,1692.13,1710.14
172,10/15/2013,1709.17,1711.57,1695.93,1698.06
173,10/16/2013,1700.49,1721.76,1700.49,1721.54
174,10/17/2013,1720.17,1733.45,1714.12,1733.15
175,10/18/2013,1736.72,1745.31,1735.74,1744.50
176,10/21/2013,1745.20,1747.79,1740.67,1744.66
177,10/22/2013,1746.48,1759.33,1746.48,1754.67
178,10/23/2013,1752.27,1752.27,1740.50,1746.38
179,10/24/2013,1747.48,1753.94,1745.50,1752.07
180,10/25/2013,1756.01,1759.82,1752.45,1759.77
181,10/28/2013,1759.42,1764.99,1757.67,1762.11
182,10/29/2013,1762.93,1772.09,1762.93,1771.95
183,10/30/2013,1772.27,1775.22,1757.24,1763.31
184,10/31/2013,1763.24,1768.53,1755.72,1756.54
185,11/01/2013,1758.70,1765.67,1752.70,1761.64
186,11/04/2013,1763.40,1768.78,1761.56,1767.93
187,11/05/2013,1765.67,1767.03,1755.76,1762.97
188,11/06/2013,1765.00,1773.74,1764.40,1770.49
189,11/07/2013,1770.74,1774.54,1746.20,1747.15
190,11/08/2013,1748.37,1770.78,1747.63,1770.61
191,11/11/2013,1769.96,1773.44,1767.85,1771.89
192,11/12/2013,1769.51,1771.78,1762.29,1767.69
193,11/13/2013,1764.37,1782.00,1760.64,1782.00
194,11/14/2013,1782.75,1791.53,1780.22,1790.62
195,11/15/2013,1790.66,1798.22,1790.66,1798.18
196,11/18/2013,1798.82,1802.33,1788.00,1791.53
197,11/19/2013,1790.79,1795.51,1784.72,1787.87
198,11/20/2013,1789.59,1795.73,1777.23,1781.37
199,11/21/2013,1783.52,1797.16,1783.52,1795.85
200,11/22/2013,1797.21,1804.84,1794.70,1804.76
201,11/25/2013,1806.33,1808.10,1800.58,1802.48
202,11/26/2013,1802.87,1808.42,1800.77,1802.75
203,11/27/2013,1803.48,1808.27,1802.77,1807.23
204,11/29/2013,1808.69,1813.55,1803.98,1805.81
205,12/02/2013,1806.55,1810.02,1798.60,1800.90
206,12/03/2013,1800.10,1800.10,1787.85,1795.15
207,12/04/2013,1793.15,1799.80,1779.09,1792.81
208,12/05/2013,1792.82,1792.82,1783.38,1785.03
209,12/06/2013,1788.36,1806.04,1788.36,1805.09
210,12/09/2013,1806.21,1811.52,1806.21,1808.37
211,12/10/2013,1807.60,1808.52,1801.75,1802.62
212,12/11/2013,1802.76,1802.97,1780.09,1782.22
213,12/12/2013,1781.71,1782.99,1772.28,1775.50
214,12/13/2013,1777.98,1780.92,1772.45,1775.32
215,12/16/2013,1777.48,1792.22,1777.48,1786.54
216,12/17/2013,1786.47,1786.77,1777.05,1781.00
217,12/18/2013,1781.46,1811.08,1767.99,1810.65
218,12/19/2013,1809.00,1810.88,1801.35,1809.60
219,12/20/2013,1810.39,1823.75,1810.25,1818.32
220,12/23/2013,1822.92,1829.75,1822.92,1827.99
221,12/24/2013,1828.02,1833.32,1828.02,1833.32
222,12/26/2013,1834.96,1842.84,1834.96,1842.02
223,12/27/2013,1842.97,1844.89,1839.81,1841.40
224,12/30/2013,1841.47,1842.47,1838.77,1841.07
225,12/31/2013,1842.61,1849.44,1842.41,1848.36
226,01/02/2014,1845.86,1845.86,1827.74,1831.98
227,01/03/2014,1833.21,1838.24,1829.13,1831.37
228,01/06/2014,1832.31,1837.16,1823.73,1826.77
229,01/07/2014,1828.71,1840.10,1828.71,1837.88
230,01/08/2014,1837.90,1840.02,1831.40,1837.49
231,01/09/2014,1839.00,1843.23,1830.38,1838.13
232,01/10/2014,1840.06,1843.15,1832.43,1842.37
233,01/13/2014,1841.26,1843.45,1815.52,1819.20
234,01/14/2014,1821.36,1839.26,1821.36,1838.88
235,01/15/2014,1840.52,1850.84,1840.52,1848.38
236,01/16/2014,1847.99,1847.99,1840.30,1845.89
237,01/17/2014,1844.23,1846.04,1835.23,1838.70
238,01/21/2014,1841.05,1849.31,1832.38,1843.80
239,01/22/2014,1844.71,1846.87,1840.88,1844.86
240,01/23/2014,1842.29,1842.29,1820.06,1828.46
241,01/24/2014,1826.96,1826.96,1790.29,1790.29
242,01/27/2014,1791.03,1795.98,1772.88,1781.56
243,01/28/2014,1783.00,1793.87,1779.49,1792.50
244,01/29/2014,1790.15,1790.15,1770.45,1774.20
245,01/30/2014,1777.17,1798.77,1777.17,1794.19
246,01/31/2014,1790.88,1793.88,1772.26,1782.59
247,02/03/2014,1782.68,1784.83,1739.66,1741.89
248,02/04/2014,1743.82,1758.73,1743.82,1755.20
249,02/05/2014,1753.38,1755.79,1737.92,1751.64
250,02/06/2014,1752.99,1774.06,1752.99,1773.43
251,02/07/2014,1776.01,1798.03,1776.01,1797.02
252,02/10/2014,1796.20,1799.94,1791.83,1799.84
253,02/11/2014,1800.45,1823.54,1800.41,1819.75
254,02/12/2014,1820.12,1826.55,1815.97,1819.26
255,02/13/2014,1814.82,1830.25,1809.22,1829.83
256,02/14/2014,1828.46,1841.65,1825.59,1838.63
257,02/18/2014,1839.03,1842.87,1835.01,1840.76
258,02/19/2014,1838.90,1847.50,1826.99,1828.75
259,02/20/2014,1829.24,1842.79,1824.58,1839.78
260,02/21/2014,1841.07,1846.13,1835.60,1836.25
261,02/24/2014,1836.78,1858.71,1836.78,1847.61
262,02/25/2014,1847.66,1852.91,1840.19,1845.12
263,02/26/2014,1845.79,1852.65,1840.66,1845.16
264,02/27/2014,1844.90,1854.53,1841.13,1854.29
265,02/28/2014,1855.12,1867.92,1847.67,1859.45
266,03/03/2014,1857.68,1857.68,1834.44,1845.73
267,03/04/2014,1849.23,1876.23,1849.23,1873.91
268,03/05/2014,1874.05,1876.53,1871.11,1873.81
269,03/06/2014,1874.18,1881.94,1874.18,1877.03
270,03/07/2014,1878.52,1883.57,1870.56,1878.04
271,03/10/2014,1877.86,1877.87,1867.04,1877.17
272,03/11/2014,1878.26,1882.35,1863.88,1867.63
273,03/12/2014,1866.15,1868.38,1854.38,1868.20
274,03/13/2014,1869.06,1874.40,1841.86,1846.34
275,03/14/2014,1845.07,1852.44,1839.57,1841.13
276,03/17/2014,1842.81,1862.30,1842.81,1858.83
277,03/18/2014,1858.92,1873.76,1858.92,1872.25
278,03/19/2014,1872.25,1874.14,1850.35,1860.77
279,03/20/2014,1860.09,1873.49,1854.63,1872.01
280,03/21/2014,1874.53,1883.97,1863.46,1866.52
281,03/24/2014,1867.67,1873.34,1849.69,1857.44
282,03/25/2014,1859.48,1871.87,1855.96,1865.62
283,03/26/2014,1867.09,1875.92,1852.56,1852.56
284,03/27/2014,1852.11,1855.55,1842.11,1849.04
285,03/28/2014,1850.07,1866.63,1850.07,1857.62
286,03/31/2014,1859.16,1875.18,1859.16,1872.34
287,04/01/2014,1873.96,1885.84,1873.96,1885.52
288,04/02/2014,1886.61,1893.17,1883.79,1890.90
289,04/03/2014,1891.43,1893.80,1882.65,1888.77
290,04/04/2014,1890.25,1897.28,1863.26,1865.09
291,04/07/2014,1863.92,1864.04,1841.48,1845.04
292,04/08/2014,1845.48,1854.95,1837.49,1851.96
293,04/09/2014,1852.64,1872.43,1852.38,1872.18
294,04/10/2014,1872.28,1872.53,1830.87,1833.08
295,04/11/2014,1830.65,1835.07,1814.36,1815.69
296,04/14/2014,1818.18,1834.19,1815.80,1830.61
297,04/15/2014,1831.45,1844.02,1816.29,1842.98
298,04/16/2014,1846.01,1862.31,1846.01,1862.31
299,04/17/2014,1861.73,1869.63,1856.72,1864.85
300,04/21/2014,1865.79,1871.89,1863.18,1871.89
301,04/22/2014,1872.57,1884.89,1872.57,1879.55
302,04/23/2014,1879.32,1879.75,1873.91,1875.39
303,04/24/2014,1881.97,1884.06,1870.24,1878.61
304,04/25/2014,1877.72,1877.72,1859.70,1863.40
305,04/28/2014,1865.00,1877.01,1850.61,1869.43
306,04/29/2014,1870.78,1880.60,1870.78,1878.33
307,04/30/2014,1877.10,1885.20,1872.69,1883.95
308,05/01/2014,1884.39,1888.59,1878.04,1883.68
309,05/02/2014,1885.30,1891.33,1878.50,1881.14
310,05/05/2014,1879.45,1885.51,1866.77,1884.66
311,05/06/2014,1883.69,1883.69,1867.72,1867.72
312,05/07/2014,1868.53,1878.83,1859.79,1878.21
313,05/08/2014,1877.39,1889.07,1870.05,1875.63
314,05/09/2014,1875.27,1878.57,1867.02,1878.48
315,05/12/2014,1880.03,1897.13,1880.03,1896.65
316,05/13/2014,1896.75,1902.17,1896.06,1897.45
317,05/14/2014,1897.13,1897.13,1885.77,1888.53
318,05/15/2014,1888.16,1888.16,1862.36,1870.85
319,05/16/2014,1871.19,1878.28,1864.82,1877.86
320,05/19/2014,1876.66,1886.00,1872.42,1885.08
321,05/20/2014,1884.88,1884.88,1868.14,1872.83
322,05/21/2014,1873.34,1888.80,1873.34,1888.03
323,05/22/2014,1888.19,1896.33,1885.39,1892.49
324,05/23/2014,1893.32,1901.26,1893.32,1900.53
325,05/27/2014,1902.01,1912.28,1902.01,1911.91
326,05/28/2014,1911.77,1914.46,1907.30,1909.78
327,05/29/2014,1910.60,1920.03,1909.82,1920.03
328,05/30/2014,1920.33,1924.03,1916.64,1923.57
329,06/02/2014,1923.87,1925.88,1915.98,1924.97
330,06/03/2014,1923.07,1925.07,1918.79,1924.24
331,06/04/2014,1923.06,1928.63,1918.60,1927.88
332,06/05/2014,1928.52,1941.74,1922.93,1940.46
333,06/06/2014,1942.41,1949.44,1942.41,1949.44
334,06/09/2014,1948.97,1955.55,1947.16,1951.27
335,06/10/2014,1950.34,1950.86,1944.64,1950.79
336,06/11/2014,1949.37,1949.37,1940.08,1943.89
337,06/12/2014,1943.35,1943.35,1925.78,1930.11
338,06/13/2014,1930.80,1937.30,1927.69,1936.16
339,06/16/2014,1934.84,1941.15,1930.91,1937.78
340,06/17/2014,1937.15,1943.69,1933.55,1941.99
341,06/18/2014,1942.73,1957.74,1939.29,1956.98
342,06/19/2014,1957.50,1959.87,1952.26,1959.48
343,06/20/2014,1960.45,1963.91,1959.17,1962.87
344,06/23/2014,1962.92,1963.74,1958.89,1962.61
345,06/24/2014,1961.97,1968.17,1948.34,1949.98
346,06/25/2014,1949.27,1960.83,1947.49,1959.53
347,06/26/2014,1959.89,1959.89,1944.69,1957.22
348,06/27/2014,1956.56,1961.47,1952.18,1960.96
349,06/30/2014,1960.79,1964.24,1958.22,1960.23
350,07/01/2014,1962.29,1978.58,1962.29,1973.32
351,07/02/2014,1973.06,1976.67,1972.58,1974.62
352,07/03/2014,1975.88,1985.59,1975.88,1985.44
353,07/07/2014,1984.22,1984.22,1974.88,1977.65
354,07/08/2014,1976.39,1976.39,1959.46,1963.71
355,07/09/2014,1965.10,1974.15,1965.10,1972.83
356,07/10/2014,1966.67,1969.84,1952.86,1964.68
357,07/11/2014,1965.76,1968.67,1959.63,1967.57
358,07/14/2014,1969.86,1979.85,1969.86,1977.10
359,07/15/2014,1977.36,1982.52,1965.34,1973.28
360,07/16/2014,1976.35,1983.94,1975.67,1981.57
361,07/17/2014,1979.75,1981.80,1955.59,1958.12
362,07/18/2014,1961.54,1979.91,1960.82,1978.22
363,07/21/2014,1976.93,1976.93,1965.77,1973.63
364,07/22/2014,1975.65,1986.24,1975.65,1983.53
365,07/23/2014,1985.32,1989.23,1982.44,1987.01
366,07/24/2014,1988.07,1991.39,1985.79,1987.98
367,07/25/2014,1984.60,1984.60,1974.37,1978.34
368,07/28/2014,1978.25,1981.52,1967.31,1978.91
369,07/29/2014,1980.03,1984.85,1969.95,1969.95
370,07/30/2014,1973.21,1978.90,1962.42,1970.07
371,07/31/2014,1965.14,1965.14,1930.67,1930.67
372,08/01/2014,1929.80,1937.35,1916.37,1925.15
373,08/04/2014,1926.62,1942.92,1921.20,1938.99
374,08/05/2014,1936.34,1936.34,1913.77,1920.21
375,08/06/2014,1917.29,1927.91,1911.45,1920.24
376,08/07/2014,1923.03,1928.89,1904.78,1909.57
377,08/08/2014,1910.35,1932.38,1909.01,1931.59
378,08/11/2014,1933.43,1944.90,1933.43,1936.92
379,08/12/2014,1935.73,1939.65,1928.29,1933.75
380,08/13/2014,1935.60,1948.41,1935.60,1946.72
381,08/14/2014,1947.41,1955.23,1947.41,1955.18
382,08/15/2014,1958.87,1964.04,1941.50,1955.06
383,08/18/2014,1958.36,1971.99,1958.36,1971.74
384,08/19/2014,1972.73,1982.57,1972.73,1981.60
385,08/20/2014,1980.46,1988.57,1977.68,1986.51
386,08/21/2014,1986.82,1994.76,1986.82,1992.37
387,08/22/2014,1992.60,1993.54,1984.76,1988.40
388,08/25/2014,1991.74,2001.95,1991.74,1997.92
389,08/26/2014,1998.59,2005.04,1998.59,2000.02
390,08/27/2014,2000.54,2002.14,1996.20,2000.12
391,08/28/2014,1997.42,1998.55,1990.52,1996.74
392,08/29/2014,1998.45,2003.38,1994.65,2003.37
393,09/02/2014,2004.07,2006.12,1994.85,2002.28
394,09/03/2014,2003.57,2009.28,1998.14,2000.72
395,09/04/2014,2001.67,2011.17,1992.54,1997.65
396,09/05/2014,1998.00,2007.71,1990.10,2007.71
397,09/08/2014,2007.17,2007.17,1995.60,2001.54
398,09/09/2014,2000.73,2001.01,1984.61,1988.44
399,09/10/2014,1988.41,1996.66,1982.99,1995.69
400,09/11/2014,1992.85,1997.65,1985.93,1997.45
401,09/12/2014,1996.74,1996.74,1980.26,1985.54
402,09/15/2014,1986.04,1987.18,1978.48,1984.13
403,09/16/2014,1981.93,2002.28,1979.06,1998.98
404,09/17/2014,1999.30,2010.74,1993.29,2001.57
405,09/18/2014,2003.07,2012.34,2003.07,2011.36
406,09/19/2014,2012.74,2019.26,2006.59,2010.40
407,09/22/2014,2009.08,2009.08,1991.01,1994.29
408,09/23/2014,1992.78,1995.41,1982.77,1982.77
409,09/24/2014,1983.34,1999.79,1978.63,1998.30
410,09/25/2014,1997.32,1997.32,1965.99,1965.99
411,09/26/2014,1966.22,1986.37,1966.22,1982.85
412,09/29/2014,1978.96,1981.28,1964.04,1977.80
413,09/30/2014,1978.21,1985.17,1968.96,1972.29
414,10/01/2014,1971.44,1971.44,1941.72,1946.16
415,10/02/2014,1945.83,1952.32,1926.03,1946.17
416,10/03/2014,1948.12,1971.19,1948.12,1967.90
417,10/06/2014,1970.01,1977.84,1958.43,1964.82
418,10/07/2014,1962.36,1962.36,1934.87,1935.10
419,10/08/2014,1935.55,1970.36,1925.25,1968.89
420,10/09/2014,1967.68,1967.68,1927.56,1928.21
421,10/10/2014,1925.63,1936.98,1906.05,1906.13
422,10/13/2014,1905.65,1912.09,1874.14,1874.74
423,10/14/2014,1877.11,1898.71,1871.79,1877.70
424,10/15/2014,1874.18,1874.18,1820.66,1862.49
425,10/16/2014,1855.95,1876.01,1835.02,1862.76
426,10/17/2014,1864.91,1898.16,1864.91,1886.76
427,10/20/2014,1885.62,1905.03,1882.30,1904.01
428,10/21/2014,1909.38,1942.45,1909.38,1941.28
429,10/22/2014,1941.29,1949.31,1926.83,1927.11
430,10/23/2014,1931.02,1961.95,1931.02,1950.82
431,10/24/2014,1951.59,1965.27,1946.27,1964.58
432,10/27/2014,1962.97,1964.64,1951.37,1961.63
433,10/28/2014,1964.14,1985.05,1964.14,1985.05
434,10/29/2014,1983.29,1991.40,1969.04,1982.30
435,10/30/2014,1979.49,1999.40,1974.75,1994.65
436,10/31/2014,2001.20,2018.19,2001.20,2018.05
437,11/03/2014,2018.21,2024.46,2013.68,2017.81
438,11/04/2014,2015.81,2015.98,2001.01,2012.10
439,11/05/2014,2015.29,2023.77,2014.42,2023.57
440,11/06/2014,2023.33,2031.61,2015.86,2031.21
441,11/07/2014,2032.36,2034.26,2025.07,2031.92
442,11/10/2014,2032.01,2038.70,2030.17,2038.26
443,11/11/2014,2038.20,2041.28,2035.28,2039.68
444,11/12/2014,2037.75,2040.33,2031.95,2038.25
445,11/13/2014,2039.21,2046.18,2030.44,2039.33
446,11/14/2014,2039.74,2042.22,2035.20,2039.82
447,11/17/2014,2038.29,2043.07,2034.46,2041.32
448,11/18/2014,2041.48,2056.08,2041.48,2051.80
449,11/19/2014,2051.16,2052.14,2040.37,2048.72
450,11/20/2014,2045.87,2053.84,2040.49,2052.75
451,11/21/2014,2057.46,2071.46,2056.75,2063.50
452,11/24/2014,2065.07,2070.17,2065.07,2069.41
453,11/25/2014,2070.15,2074.21,2064.75,2067.03
454,11/26/2014,2067.36,2073.29,2066.62,2072.83
455,11/28/2014,2074.78,2075.76,2065.06,2067.56
456,12/01/2014,2065.78,2065.78,2049.57,2053.44
457,12/02/2014,2053.77,2068.77,2053.77,2066.55
458,12/03/2014,2067.45,2076.28,2066.65,2074.33
459,12/04/2014,2073.64,2077.34,2062.34,2071.92
460,12/05/2014,2072.78,2079.47,2070.81,2075.37
461,12/08/2014,2074.84,2075.78,2054.27,2060.31
462,12/09/2014,2056.55,2060.60,2034.17,2059.82
463,12/10/2014,2058.86,2058.86,2024.26,2026.14
464,12/11/2014,2027.92,2055.53,2027.92,2035.33
465,12/12/2014,2030.36,2032.25,2002.33,2002.33
466,12/15/2014,2005.03,2018.69,1982.26,1989.63
467,12/16/2014,1986.71,2016.89,1972.56,1972.74
468,12/17/2014,1973.77,2016.75,1973.77,2012.89
469,12/18/2014,2018.98,2061.23,2018.98,2061.23
470,12/19/2014,2061.04,2077.85,2061.03,2070.65
471,12/22/2014,2069.28,2078.76,2069.28,2078.54
472,12/23/2014,2081.48,2086.73,2079.77,2082.17
473,12/24/2014,2083.25,2087.56,2081.86,2081.88
474,12/26/2014,2084.30,2092.70,2084.30,2088.77
475,12/29/2014,2087.63,2093.55,2085.75,2090.57
476,12/30/2014,2088.49,2088.49,2079.53,2080.35
477,12/31/2014,2082.11,2085.58,2057.94,2058.90
478,01/02/2015,2058.90,2072.36,2046.04,2058.20
479,01/05/2015,2054.44,2054.44,2017.34,2020.58
480,01/06/2015,2022.15,2030.25,1992.44,2002.61
481,01/07/2015,2005.55,2029.61,2005.55,2025.90
482,01/08/2015,2030.61,2064.08,2030.61,2062.14
483,01/09/2015,2063.45,2064.43,2038.33,2044.81
484,01/12/2015,2046.13,2049.30,2022.58,2028.26
485,01/13/2015,2031.58,2056.93,2008.25,2023.03
486,01/14/2015,2018.40,2018.40,1988.44,2011.27
487,01/15/2015,2013.75,2021.35,1991.47,1992.67
488,01/16/2015,1992.25,2020.46,1988.12,2019.42
489,01/20/2015,2020.76,2028.94,2004.49,2022.55
490,01/21/2015,2020.19,2038.29,2012.04,2032.12
491,01/22/2015,2034.30,2064.62,2026.38,2063.15
492,01/23/2015,2062.98,2062.98,2050.54,2051.82
493,01/26/2015,2050.42,2057.62,2040.97,2057.09
494,01/27/2015,2047.86,2047.86,2019.91,2029.55
495,01/28/2015,2032.34,2042.49,2001.49,2002.16
496,01/29/2015,2002.45,2024.64,1989.18,2021.25
497,01/30/2015,2019.35,2023.32,1993.38,1994.99
498,02/02/2015,1996.67,2021.66,1980.90,2020.85
499,02/03/2015,2022.71,2050.30,2022.71,2050.03
500,02/04/2015,2048.86,2054.74,2036.72,2041.51
501,02/05/2015,2043.45,2063.55,2043.45,2062.52
502,02/06/2015,2062.28,2072.40,2049.97,2055.47
503,02/09/2015,2053.47,2056.16,2041.88,2046.74
504,02/10/2015,2049.38,2070.86,2048.62,2068.59
505,02/11/2015,2068.55,2073.48,2057.99,2068.53
506,02/12/2015,2069.98,2088.53,2069.98,2088.48
507,02/13/2015,2088.78,2097.03,2086.70,2096.99
508,02/17/2015,2096.47,2101.30,2089.80,2100.34
509,02/18/2015,2099.16,2100.23,2092.15,2099.68
510,02/19/2015,2099.25,2102.13,2090.79,2097.45
511,02/20/2015,2097.65,2110.61,2085.44,2110.30
512,02/23/2015,2109.83,2110.05,2103.00,2109.66
513,02/24/2015,2109.10,2117.94,2105.87,2115.48
514,02/25/2015,2115.30,2119.59,2109.89,2113.86
515,02/26/2015,2113.91,2113.91,2103.76,2110.74
516,02/27/2015,2110.88,2112.74,2103.75,2104.50
517,03/02/2015,2105.23,2117.52,2104.50,2117.39
518,03/03/2015,2115.76,2115.76,2098.26,2107.78
519,03/04/2015,2107.72,2107.72,2087.62,2098.53
520,03/05/2015,2098.54,2104.25,2095.22,2101.04
521,03/06/2015,2100.91,2100.91,2067.27,2071.26
522,03/09/2015,2072.25,2083.49,2072.21,2079.43
523,03/10/2015,2076.14,2076.14,2044.16,2044.16
524,03/11/2015,2044.69,2050.08,2039.69,2040.24
525,03/12/2015,2041.10,2066.41,2041.10,2065.95
526,03/13/2015,2064.56,2064.56,2041.17,2053.40
527,03/16/2015,2055.35,2081.41,2055.35,2081.19
528,03/17/2015,2080.59,2080.59,2065.08,2074.28
529,03/18/2015,2072.84,2106.85,2061.23,2099.50
530,03/19/2015,2098.69,2098.69,2085.56,2089.27
531,03/20/2015,2090.32,2113.92,2090.32,2108.10
532,03/23/2015,2107.99,2114.86,2104.42,2104.42
533,03/24/2015,2103.94,2107.63,2091.50,2091.50
534,03/25/2015,2093.10,2097.43,2061.05,2061.05
535,03/26/2015,2059.94,2067.15,2045.50,2056.15
536,03/27/2015,2055.78,2062.83,2052.96,2061.02
537,03/30/2015,2064.11,2088.97,2064.11,2086.24
538,03/31/2015,2084.05,2084.05,2067.04,2067.89
539,04/01/2015,2067.63,2067.63,2048.38,2059.69
540,04/02/2015,2060.03,2072.17,2057.32,2066.96
541,04/06/2015,2064.87,2086.99,2056.52,2080.62
542,04/07/2015,2080.79,2089.81,2076.10,2076.33
543,04/08/2015,2076.94,2086.69,2073.30,2081.90
544,04/09/2015,2081.29,2093.31,2074.29,2091.18
545,04/10/2015,2091.51,2102.61,2091.51,2102.06
546,04/13/2015,2102.03,2107.65,2092.33,2092.43
547,04/14/2015,2092.28,2098.62,2083.24,2095.84
548,04/15/2015,2097.82,2111.91,2097.82,2106.63
549,04/16/2015,2105.96,2111.30,2100.02,2104.99
550,04/17/2015,2102.58,2102.58,2072.37,2081.18
551,04/20/2015,2084.11,2103.94,2084.11,2100.40
552,04/21/2015,2102.82,2109.64,2094.38,2097.29
553,04/22/2015,2098.27,2109.98,2091.05,2107.96
554,04/23/2015,2107.21,2120.49,2103.19,2112.93
555,04/24/2015,2112.80,2120.92,2112.80,2117.69
556,04/27/2015,2119.29,2125.92,2107.04,2108.92
557,04/28/2015,2108.35,2116.09,2094.89,2114.76
558,04/29/2015,2112.49,2113.65,2097.41,2106.85
559,04/30/2015,2105.52,2105.52,2077.59,2085.51
560,05/01/2015,2087.38,2108.41,2087.38,2108.29
561,05/04/2015,2110.23,2120.95,2110.23,2114.49
562,05/05/2015,2112.63,2115.24,2088.46,2089.46
563,05/06/2015,2091.26,2098.42,2067.93,2080.15
564,05/07/2015,2079.96,2092.90,2074.99,2088.00
565,05/08/2015,2092.13,2117.66,2092.13,2116.10
566,05/11/2015,2115.56,2117.69,2104.58,2105.33
567,05/12/2015,2102.87,2105.06,2085.57,2099.12
568,05/13/2015,2099.62,2110.19,2096.04,2098.48
569,05/14/2015,2100.43,2121.45,2100.43,2121.10
570,05/15/2015,2122.07,2123.89,2116.79,2122.73
571,05/18/2015,2121.30,2131.78,2120.01,2129.20
572,05/19/2015,2129.45,2133.02,2124.50,2127.83
573,05/20/2015,2127.79,2134.72,2122.59,2125.85
574,05/21/2015,2125.55,2134.28,2122.95,2130.82
575,05/22/2015,2130.36,2132.15,2126.06,2126.06
576,05/26/2015,2125.34,2125.34,2099.18,2104.20
577,05/27/2015,2105.13,2126.22,2105.13,2123.48
578,05/28/2015,2122.27,2122.27,2112.86,2120.79
579,05/29/2015,2120.66,2120.66,2104.89,2107.39
580,06/01/2015,2108.64,2119.15,2102.54,2111.73
581,06/02/2015,2110.41,2117.59,2099.14,2109.60
582,06/03/2015,2110.64,2121.92,2109.61,2114.07
583,06/04/2015,2112.35,2112.89,2093.23,2095.84
584,06/05/2015,2095.09,2100.99,2085.67,2092.83
585,06/08/2015,2092.34,2093.01,2079.11,2079.28
586,06/09/2015,2079.07,2085.62,2072.14,2080.15
587,06/10/2015,2081.12,2108.50,2081.12,2105.20
588,06/11/2015,2106.24,2115.02,2106.24,2108.86
589,06/12/2015,2107.43,2107.43,2091.33,2094.11
590,06/15/2015,2091.34,2091.34,2072.49,2084.43
591,06/16/2015,2084.26,2097.40,2082.10,2096.29
592,06/17/2015,2097.40,2106.79,2088.86,2100.44
593,06/18/2015,2101.58,2126.65,2101.58,2121.24
594,06/19/2015,2121.06,2121.64,2109.45,2109.99
595,06/22/2015,2112.50,2129.87,2112.50,2122.85
596,06/23/2015,2123.16,2128.03,2119.89,2124.20
597,06/24/2015,2123.65,2125.10,2108.58,2108.58
598,06/25/2015,2109.96,2116.04,2101.78,2102.31
599,06/26/2015,2102.62,2108.92,2095.38,2101.49
600,06/29/2015,2098.63,2098.63,2056.64,2057.64
601,06/30/2015,2061.19,2074.28,2056.32,2063.11
602,07/01/2015,2067.00,2082.78,2067.00,2077.42
603,07/02/2015,2078.03,2085.06,2071.02,2076.78
604,07/06/2015,2073.95,2078.61,2058.40,2068.76
605,07/07/2015,2069.52,2083.74,2044.02,2081.34
606,07/08/2015,2077.66,2077.66,2044.66,2046.68
607,07/09/2015,2049.73,2074.28,2049.73,2051.31
608,07/10/2015,2052.74,2081.31,2052.74,2076.62
609,07/13/2015,2080.03,2100.67,2080.03,2099.60
610,07/14/2015,2099.72,2111.98,2098.18,2108.95
611,07/15/2015,2109.01,2114.14,2102.49,2107.40
612,07/16/2015,2110.55,2124.42,2110.55,2124.29
613,07/17/2015,2126.80,2128.91,2119.88,2126.64
614,07/20/2015,2126.85,2132.82,2123.65,2128.28
615,07/21/2015,2127.55,2128.49,2115.40,2119.21
616,07/22/2015,2118.21,2118.51,2110.00,2114.15
617,07/23/2015,2114.16,2116.87,2098.63,2102.15
618,07/24/2015,2102.24,2106.01,2077.09,2079.65
619,07/27/2015,2078.19,2078.19,2063.52,2067.64
620,07/28/2015,2070.75,2095.60,2069.09,2093.25
621,07/29/2015,2094.70,2110.60,2094.08,2108.57
622,07/30/2015,2106.78,2110.48,2094.97,2108.63
623,07/31/2015,2111.60,2114.24,2102.07,2103.84
624,08/03/2015,2104.49,2105.70,2087.31,2098.04
625,08/04/2015,2097.68,2102.51,2088.60,2093.32
626,08/05/2015,2095.27,2112.66,2095.27,2099.84
627,08/06/2015,2100.75,2103.32,2075.53,2083.56
628,08/07/2015,2082.61,2082.61,2067.91,2077.57
629,08/10/2015,2080.98,2105.35,2080.98,2104.18
630,08/11/2015,2102.66,2102.66,2076.49,2084.07
631,08/12/2015,2081.10,2089.06,2052.09,2086.05
632,08/13/2015,2086.19,2092.93,2078.26,2083.39
633,08/14/2015,2083.15,2092.45,2080.61,2091.54
634,08/17/2015,2089.70,2102.87,2079.30,2102.44
635,08/18/2015,2101.99,2103.47,2094.14,2096.92
636,08/19/2015,2095.69,2096.17,2070.53,2079.61
637,08/20/2015,2076.61,2076.61,2035.73,2035.73
638,08/21/2015,2034.08,2034.08,1970.89,1970.89
639,08/24/2015,1965.15,1965.15,1867.01,1893.21
640,08/25/2015,1898.08,1948.04,1867.08,1867.61
641,08/26/2015,1872.75,1943.09,1872.75,1940.51
642,08/27/2015,1942.77,1989.60,1942.77,1987.66
643,08/28/2015,1986.06,1993.48,1975.19,1988.87
644,08/31/2015,1986.73,1986.73,1965.98,1972.18
645,09/01/2015,1970.09,1970.09,1903.07,1913.85
646,09/02/2015,1916.52,1948.91,1916.52,1948.86
647,09/03/2015,1950.79,1975.01,1944.72,1951.13
648,09/04/2015,1947.76,1947.76,1911.21,1921.22
649,09/08/2015,1927.30,1970.42,1927.30,1969.41
650,09/09/2015,1971.45,1988.63,1937.88,1942.04
651,09/10/2015,1941.59,1965.29,1937.19,1952.29
652,09/11/2015,1951.45,1961.05,1939.19,1961.05
653,09/14/2015,1963.06,1963.06,1948.27,1953.03
654,09/15/2015,1955.10,1983.19,1954.30,1978.09
655,09/16/2015,1978.02,1997.26,1977.93,1995.31
656,09/17/2015,1995.33,2020.86,1986.73,1990.20
657,09/18/2015,1989.66,1989.66,1953.45,1958.03
658,09/21/2015,1960.84,1979.64,1955.80,1966.97
659,09/22/2015,1961.39,1961.39,1929.22,1942.74
660,09/23/2015,1943.24,1949.52,1932.57,1938.76
661,09/24/2015,1934.81,1937.17,1908.92,1932.24
662,09/25/2015,1935.93,1952.89,1921.50,1931.34
663,09/28/2015,1929.18,1929.18,1879.21,1881.77
664,09/29/2015,1881.90,1899.48,1871.91,1884.09
665,09/30/2015,1887.14,1920.53,1887.14,1920.03
666,10/01/2015,1919.65,1927.21,1900.70,1923.82
667,10/02/2015,1921.77,1951.36,1893.70,1951.36
668,10/05/2015,1954.33,1989.17,1954.33,1987.05
669,10/06/2015,1986.63,1991.62,1971.99,1979.92
670,10/07/2015,1982.34,1999.31,1976.44,1995.83
671,10/08/2015,1994.01,2016.50,1987.53,2013.43
672,10/09/2015,2013.73,2020.13,2007.61,2014.89
673,10/12/2015,2015.65,2018.66,2010.55,2017.46
674,10/13/2015,2015.00,2022.34,2001.78,2003.69
675,10/14/2015,2003.66,2009.56,1990.73,1994.24
676,10/15/2015,1996.47,2024.15,1996.47,2023.86
677,10/16/2015,2024.37,2033.54,2020.46,2033.11
678,10/19/2015,2031.73,2034.45,2022.31,2033.66
679,10/20/2015,2033.13,2039.12,2026.61,2030.77
680,10/21/2015,2033.47,2037.97,2017.22,2018.94
681,10/22/2015,2021.88,2055.20,2021.88,2052.51
682,10/23/2015,2058.19,2079.74,2058.19,2075.15
683,10/26/2015,2075.08,2075.14,2066.53,2071.18
684,10/27/2015,2068.75,2070.37,2058.84,2065.89
685,10/28/2015,2066.48,2090.35,2063.11,2090.35
686,10/29/2015,2088.35,2092.52,2082.63,2089.41
687,10/30/2015,2090.00,2094.32,2079.34,2079.36
688,11/02/2015,2080.76,2106.20,2080.76,2104.05
689,11/03/2015,2102.63,2116.48,2097.51,2109.79
690,11/04/2015,2110.60,2114.59,2096.98,2102.31
691,11/05/2015,2101.68,2108.78,2090.41,2099.93
692,11/06/2015,2098.60,2101.91,2083.74,2099.20
693,11/09/2015,2096.56,2096.56,2068.24,2078.58
694,11/10/2015,2077.19,2083.67,2069.91,2081.72
695,11/11/2015,2083.41,2086.94,2074.85,2075.00
696,11/12/2015,2072.29,2072.29,2045.66,2045.97
697,11/13/2015,2044.64,2044.64,2022.02,2023.04
698,11/16/2015,2022.08,2053.22,2019.39,2053.19
699,11/17/2015,2053.67,2066.69,2045.90,2050.44
700,11/18/2015,2051.99,2085.31,2051.99,2083.58
701,11/19/2015,2083.70,2086.74,2078.76,2081.24
702,11/20/2015,2082.82,2097.06,2082.82,2089.17
703,11/23/2015,2089.41,2095.61,2081.39,2086.59
704,11/24/2015,2084.42,2094.12,2070.29,2089.14
705,11/25/2015,2089.30,2093.00,2086.30,2088.87
706,11/27/2015,2088.82,2093.29,2084.13,2090.11
707,11/30/2015,2090.95,2093.81,2080.41,2080.41
708,12/01/2015,2082.93,2103.37,2082.93,2102.63
709,12/02/2015,2101.71,2104.27,2077.11,2079.51
710,12/03/2015,2080.71,2085.00,2042.35,2049.62
711,12/04/2015,2051.24,2093.84,2051.24,2091.69
712,12/07/2015,2090.42,2090.42,2066.78,2077.07
713,12/08/2015,2073.39,2073.85,2052.32,2063.59
714,12/09/2015,2061.17,2080.33,2036.53,2047.62
715,12/10/2015,2047.93,2067.65,2045.67,2052.23
716,12/11/2015,2047.27,2047.27,2008.80,2012.37
717,12/14/2015,2013.37,2022.92,1993.26,2021.94
718,12/15/2015,2025.55,2053.87,2025.55,2043.41
719,12/16/2015,2046.50,2076.72,2042.43,2073.07
720,12/17/2015,2073.76,2076.37,2041.66,2041.89
721,12/18/2015,2040.81,2040.81,2005.33,2005.55
722,12/21/2015,2010.27,2022.90,2005.93,2021.15
723,12/22/2015,2023.15,2042.74,2020.49,2038.97
724,12/23/2015,2042.20,2064.73,2042.20,2064.29
725,12/24/2015,2063.52,2067.36,2058.73,2060.99
726,12/28/2015,2057.77,2057.77,2044.20,2056.50
727,12/29/2015,2060.54,2081.56,2060.54,2078.36
728,12/30/2015,2077.34,2077.34,2061.97,2063.36
729,12/31/2015,2060.59,2062.54,2043.62,2043.94
730,01/04/2016,2038.20,2038.20,1989.68,2012.66
731,01/05/2016,2013.78,2021.94,2004.17,2016.71
732,01/06/2016,2011.71,2011.71,1979.05,1990.26
733,01/07/2016,1985.32,1985.32,1938.83,1943.09
734,01/08/2016,1945.97,1960.40,1918.46,1922.03
735,01/11/2016,1926.12,1935.65,1901.10,1923.67
736,01/12/2016,1927.83,1947.38,1914.35,1938.68
737,01/13/2016,1940.34,1950.33,1886.41,1890.28
738,01/14/2016,1891.68,1934.47,1878.93,1921.84
739,01/15/2016,1916.68,1916.68,1857.83,1880.33
740,01/19/2016,1888.66,1901.44,1864.60,1881.33
741,01/20/2016,1876.18,1876.18,1812.29,1859.33
742,01/21/2016,1861.46,1889.85,1848.98,1868.99
743,01/22/2016,1877.40,1908.85,1877.40,1906.90
744,01/25/2016,1906.28,1906.28,1875.97,1877.08
745,01/26/2016,1878.79,1906.73,1878.79,1903.63
746,01/27/2016,1902.52,1916.99,1872.70,1882.95
747,01/28/2016,1885.22,1902.96,1873.65,1893.36
748,01/29/2016,1894.00,1940.24,1894.00,1940.24
749,02/01/2016,1936.94,1947.20,1920.30,1939.38
750,02/02/2016,1935.26,1935.26,1897.29,1903.03
751,02/03/2016,1907.07,1918.01,1872.23,1912.53
752,02/04/2016,1911.67,1927.35,1900.52,1915.45
753,02/05/2016,1913.07,1913.07,1872.65,1880.05
754,02/08/2016,1873.25,1873.25,1828.46,1853.44
755,02/09/2016,1848.46,1868.25,1834.94,1852.21
756,02/10/2016,1857.10,1881.60,1850.32,1851.86
757,02/11/2016,1847.00,1847.00,1810.10,1829.08
758,02/12/2016,1833.40,1864.78,1833.40,1864.78
759,02/16/2016,1871.44,1895.77,1871.44,1895.58
760,02/17/2016,1898.80,1930.68,1898.80,1926.82
761,02/18/2016,1927.57,1930.00,1915.09,1917.83
762,02/19/2016,1916.74,1918.78,1902.17,1917.78
763,02/22/2016,1924.44,1946.70,1924.44,1945.50
764,02/23/2016,1942.38,1942.38,1919.44,1921.27
765,02/24/2016,1917.56,1932.08,1891.00,1929.80
766,02/25/2016,1931.87,1951.83,1925.41,1951.70
767,02/26/2016,1954.95,1962.96,1945.78,1948.05
768,02/29/2016,1947.13,1958.27,1931.81,1932.23
769,03/01/2016,1937.09,1978.35,1937.09,1978.35
770,03/02/2016,1976.60,1986.51,1968.80,1986.45
771,03/03/2016,1985.60,1993.69,1977.37,1993.40
772,03/04/2016,1994.01,2009.13,1986.77,1999.99
773,03/07/2016,1996.11,2006.12,1989.38,2001.76
774,03/08/2016,1996.88,1996.88,1977.43,1979.26
775,03/09/2016,1981.44,1992.69,1979.84,1989.26
776,03/10/2016,1990.97,2005.08,1969.25,1989.57
777,03/11/2016,1994.71,2022.37,1994.71,2022.19
778,03/14/2016,2019.27,2024.57,2012.05,2019.64
779,03/15/2016,2015.27,2015.94,2005.23,2015.93
780,03/16/2016,2014.24,2032.02,2010.04,2027.22
781,03/17/2016,2026.90,2046.24,2022.16,2040.59
782,03/18/2016,2041.16,2052.36,2041.16,2049.58
783,03/21/2016,2047.88,2053.91,2043.14,2051.60
784,03/22/2016,2048.64,2056.60,2040.57,2049.80
785,03/23/2016,2048.55,2048.55,2034.86,2036.71
786,03/24/2016,2032.48,2036.04,2022.49,2035.94
787,03/28/2016,2037.89,2042.67,2031.96,2037.05
788,03/29/2016,2035.75,2055.91,2028.31,2055.01
789,03/30/2016,2058.27,2072.21,2058.27,2063.95
790,03/31/2016,2063.77,2067.92,2057.46,2059.74
791,04/01/2016,2056.62,2075.07,2043.98,2072.78
792,04/04/2016,2073.19,2074.02,2062.57,2066.13
793,04/05/2016,2062.50,2062.50,2042.56,2045.17
794,04/06/2016,2045.56,2067.33,2043.09,2066.66
795,04/07/2016,2063.01,2063.01,2033.80,2041.91
796,04/08/2016,2045.54,2060.63,2041.69,2047.60
797,04/11/2016,2050.23,2062.93,2041.88,2041.99
798,04/12/2016,2043.72,2065.05,2039.74,2061.72
799,04/13/2016,2065.92,2083.18,2065.92,2082.42
800,04/14/2016,2082.89,2087.84,2078.13,2082.78
801,04/15/2016,2083.10,2083.22,2076.31,2080.73
802,04/18/2016,2078.83,2094.66,2073.65,2094.34
803,04/19/2016,2096.05,2104.05,2091.68,2100.80
804,04/20/2016,2101.52,2111.05,2096.32,2102.40
805,04/21/2016,2102.09,2103.78,2088.52,2091.48
806,04/22/2016,2091.49,2094.32,2081.20,2091.58
807,04/25/2016,2089.37,2089.37,2077.52,2087.79
808,04/26/2016,2089.84,2096.87,2085.80,2091.70
809,04/27/2016,2092.33,2099.89,2082.31,2095.15
810,04/28/2016,2090.93,2099.30,2071.62,2075.81
811,04/29/2016,2071.82,2073.85,2052.28,2065.30
812,05/02/2016,2067.17,2083.42,2066.11,2081.43
813,05/03/2016,2077.18,2077.18,2054.89,2063.37
814,05/04/2016,2060.30,2060.30,2045.55,2051.12
815,05/05/2016,2052.95,2060.23,2045.77,2050.63
816,05/06/2016,2047.77,2057.72,2039.45,2057.14
817,05/09/2016,2057.55,2064.15,2054.31,2058.69
818,05/10/2016,2062.63,2084.87,2062.63,2084.39
819,05/11/2016,2083.29,2083.29,2064.46,2064.46
820,05/12/2016,2067.17,2073.99,2053.13,2064.11
821,05/13/2016,2062.50,2066.79,2043.13,2046.61
822,05/16/2016,2046.53,2071.88,2046.53,2066.66
823,05/17/2016,2065.04,2065.69,2040.82,2047.21
824,05/18/2016,2044.38,2060.61,2034.49,2047.63
825,05/19/2016,2044.21,2044.21,2025.91,2040.04
826,05/20/2016,2041.88,2058.35,2041.88,2052.32
827,05/23/2016,2052.23,2055.58,2047.26,2048.04
828,05/24/2016,2052.65,2079.67,2052.65,2076.06
829,05/25/2016,2078.93,2094.73,2078.93,2090.54
830,05/26/2016,2091.44,2094.30,2087.08,2090.10
831,05/27/2016,2090.06,2099.06,2090.06,2099.06
832,05/31/2016,2100.13,2103.48,2088.66,2096.96
833,06/01/2016,2093.94,2100.97,2085.10,2099.33
834,06/02/2016,2097.71,2105.26,2088.59,2105.26
835,06/03/2016,2104.07,2104.07,2085.36,2099.13
836,06/06/2016,2100.83,2113.36,2100.83,2109.41
837,06/07/2016,2110.18,2119.22,2110.18,2112.13
838,06/08/2016,2112.71,2120.55,2112.71,2119.12
839,06/09/2016,2115.65,2117.64,2107.73,2115.48
840,06/10/2016,2109.57,2109.57,2089.96,2096.07
841,06/13/2016,2091.75,2098.12,2078.46,2079.06
842,06/14/2016,2076.65,2081.30,2064.10,2075.32
843,06/15/2016,2077.60,2085.65,2069.80,2071.50
844,06/16/2016,2066.36,2079.62,2050.37,2077.99
845,06/17/2016,2078.20,2078.20,2062.84,2071.22
846,06/20/2016,2075.58,2100.66,2075.58,2083.25
847,06/21/2016,2085.19,2093.66,2083.02,2088.90
848,06/22/2016,2089.75,2099.71,2084.36,2085.45
849,06/23/2016,2092.80,2113.32,2092.80,2113.32
850,06/24/2016,2103.81,2103.81,2032.57,2037.41
851,06/27/2016,2031.45,2031.45,1991.68,2000.54
852,06/28/2016,2006.67,2036.09,2006.67,2036.09
853,06/29/2016,2042.69,2073.13,2042.69,2070.77
854,06/30/2016,2073.17,2098.94,2070.00,2098.86
855,07/01/2016,2099.34,2108.71,2097.90,2102.95
856,07/05/2016,2095.05,2095.05,2080.86,2088.55
857,07/06/2016,2084.43,2100.72,2074.02,2099.73
858,07/07/2016,2100.42,2109.08,2089.39,2097.90
859,07/08/2016,2106.97,2131.71,2106.97,2129.90
860,07/11/2016,2131.72,2143.16,2131.72,2137.16
861,07/12/2016,2139.50,2155.40,2139.50,2152.14
862,07/13/2016,2153.81,2156.45,2146.21,2152.43
863,07/14/2016,2157.88,2168.99,2157.88,2163.75
864,07/15/2016,2165.13,2169.05,2155.79,2161.74
865,07/18/2016,2162.04,2168.35,2159.63,2166.89
866,07/19/2016,2163.79,2164.63,2159.01,2163.78
867,07/20/2016,2166.10,2175.63,2164.89,2173.02
868,07/21/2016,2172.91,2174.56,2159.75,2165.17
869,07/22/2016,2166.47,2175.11,2163.24,2175.03
870,07/25/2016,2173.71,2173.71,2161.95,2168.48
871,07/26/2016,2168.97,2173.54,2160.18,2169.18
872,07/27/2016,2169.81,2174.98,2159.07,2166.58
873,07/28/2016,2166.05,2172.85,2159.74,2170.06
874,07/29/2016,2168.83,2177.09,2163.49,2173.60
875,08/01/2016,2173.15,2178.29,2166.21,2170.84
876,08/02/2016,2169.94,2170.20,2147.58,2157.03
877,08/03/2016,2156.81,2163.79,2152.56,2163.79
878,08/04/2016,2163.51,2168.19,2159.07,2164.25
879,08/05/2016,2168.79,2182.87,2168.79,2182.87
880,08/08/2016,2183.76,2185.44,2177.85,2180.89
881,08/09/2016,2182.24,2187.66,2178.61,2181.74
882,08/10/2016,2182.81,2183.41,2172.00,2175.49
883,08/11/2016,2177.97,2188.45,2177.97,2185.79
884,08/12/2016,2183.74,2186.28,2179.42,2184.05
885,08/15/2016,2186.08,2193.81,2186.08,2190.15
886,08/16/2016,2186.24,2186.24,2178.14,2178.15
887,08/17/2016,2177.84,2183.08,2168.50,2182.22
888,08/18/2016,2181.90,2187.03,2180.46,2187.02
889,08/19/2016,2184.24,2185.00,2175.13,2183.87
890,08/22/2016,2181.58,2185.15,2175.96,2182.64
891,08/23/2016,2187.81,2193.42,2186.80,2186.90
892,08/24/2016,2185.09,2186.66,2171.25,2175.44
893,08/25/2016,2173.29,2179.00,2169.74,2172.47
894,08/26/2016,2175.10,2187.94,2160.39,2169.04
895,08/29/2016,2170.19,2183.48,2170.19,2180.38
896,08/30/2016,2179.45,2182.27,2170.41,2176.12
897,08/31/2016,2173.56,2173.79,2161.35,2170.95
898,09/01/2016,2171.33,2173.56,2157.09,2170.86
899,09/02/2016,2177.49,2184.87,2173.59,2179.98
900,09/06/2016,2181.61,2186.57,2175.10,2186.48
901,09/07/2016,2185.17,2187.87,2179.07,2186.16
902,09/08/2016,2182.76,2184.94,2177.49,2181.30
903,09/09/2016,2169.08,2169.08,2127.81,2127.81
904,09/12/2016,2120.86,2163.30,2119.12,2159.04
905,09/13/2016,2150.47,2150.47,2120.27,2127.02
906,09/14/2016,2127.86,2141.33,2119.90,2125.77
907,09/15/2016,2125.36,2151.31,2122.36,2147.26
908,09/16/2016,2146.48,2146.48,2131.20,2139.16
909,09/19/2016,2143.99,2153.61,2135.91,2139.12
910,09/20/2016,2145.94,2150.80,2139.17,2139.76
911,09/21/2016,2144.58,2165.11,2139.57,2163.12
912,09/22/2016,2170.94,2179.99,2170.94,2177.18
913,09/23/2016,2173.29,2173.75,2163.97,2164.69
914,09/26/2016,2158.54,2158.54,2145.04,2146.10
915,09/27/2016,2146.04,2161.13,2141.55,2159.93
916,09/28/2016,2161.85,2172.40,2151.79,2171.37
917,09/29/2016,2168.90,2172.67,2145.20,2151.13
918,09/30/2016,2156.51,2175.30,2156.51,2168.27
919,10/03/2016,2164.33,2164.41,2154.77,2161.20
920,10/04/2016,2163.37,2165.46,2144.01,2150.49
921,10/05/2016,2155.15,2163.95,2155.15,2159.73
922,10/06/2016,2158.22,2162.93,2150.28,2160.77
923,10/07/2016,2164.19,2165.86,2144.85,2153.74
924,10/10/2016,2160.39,2169.60,2160.39,2163.66
925,10/11/2016,2161.35,2161.56,2128.84,2136.73
926,10/12/2016,2137.67,2145.36,2132.77,2139.18
927,10/13/2016,2130.26,2138.19,2114.74,2132.55
928,10/14/2016,2139.68,2149.19,2132.98,2132.98
929,10/17/2016,2132.95,2135.61,2124.43,2126.50
930,10/18/2016,2138.31,2144.38,2135.49,2139.60
931,10/19/2016,2140.81,2148.44,2138.15,2144.29
932,10/20/2016,2142.51,2147.18,2133.44,2141.34
933,10/21/2016,2139.43,2142.63,2130.09,2141.16
934,10/24/2016,2148.50,2154.79,2146.91,2151.33
935,10/25/2016,2149.72,2151.44,2141.93,2143.16
936,10/26/2016,2136.97,2145.73,2131.59,2139.43
937,10/27/2016,2144.06,2147.13,2132.52,2133.04
938,10/28/2016,2132.23,2140.72,2119.36,2126.41
939,10/31/2016,2129.78,2133.25,2125.53,2126.15
940,11/01/2016,2128.68,2131.45,2097.85,2111.72
941,11/02/2016,2109.43,2111.76,2094.00,2097.94
942,11/03/2016,2098.80,2102.56,2085.23,2088.66
943,11/04/2016,2083.79,2099.07,2083.79,2085.18
944,11/07/2016,2100.59,2132.00,2100.59,2131.52
945,11/08/2016,2129.92,2146.87,2123.56,2139.56
946,11/09/2016,2131.56,2170.10,2125.35,2163.26
947,11/10/2016,2167.49,2182.30,2151.17,2167.48
948,11/11/2016,2162.71,2165.92,2152.49,2164.45
949,11/14/2016,2165.64,2171.36,2156.08,2164.20
950,11/15/2016,2168.29,2180.84,2166.38,2180.39
951,11/16/2016,2177.53,2179.22,2172.20,2176.94
952,11/17/2016,2178.61,2188.06,2176.65,2187.12
953,11/18/2016,2186.85,2189.89,2180.38,2181.90
954,11/21/2016,2186.43,2198.70,2186.43,2198.18
955,11/22/2016,2201.56,2204.80,2194.51,2202.94
956,11/23/2016,2198.55,2204.72,2194.51,2204.72
957,11/25/2016,2206.27,2213.35,2206.27,2213.35
958,11/28/2016,2210.21,2211.14,2200.36,2201.72
959,11/29/2016,2200.76,2210.46,2198.15,2204.66
960,11/30/2016,2204.97,2214.10,2198.81,2198.81
961,12/01/2016,2200.17,2202.60,2187.44,2191.08
962,12/02/2016,2191.12,2197.95,2188.37,2191.95
963,12/05/2016,2200.65,2209.42,2199.97,2204.71
964,12/06/2016,2207.26,2212.78,2202.21,2212.23
965,12/07/2016,2210.72,2241.63,2208.93,2241.35
966,12/08/2016,2241.13,2251.69,2237.57,2246.19
967,12/09/2016,2249.73,2259.80,2249.23,2259.53
968,12/12/2016,2258.83,2264.03,2252.37,2256.96
969,12/13/2016,2263.32,2277.53,2263.32,2271.72
970,12/14/2016,2268.35,2276.20,2248.44,2253.28
971,12/15/2016,2253.77,2272.12,2253.77,2262.03
972,12/16/2016,2266.81,2268.05,2254.24,2258.07
973,12/19/2016,2259.24,2267.47,2258.21,2262.53
974,12/20/2016,2266.50,2272.56,2266.14,2270.76
975,12/21/2016,2270.54,2271.23,2265.15,2265.18
976,12/22/2016,2262.93,2263.18,2256.08,2260.96
977,12/23/2016,2260.25,2263.79,2258.84,2263.79
978,12/27/2016,2266.23,2273.82,2266.15,2268.88
979,12/28/2016,2270.23,2271.31,2249.11,2249.92
980,12/29/2016,2249.50,2254.51,2244.56,2249.26
981,12/30/2016,2251.61,2253.58,2233.62,2238.83
982,01/03/2017,2251.57,2263.88,2245.13,2257.83
983,01/04/2017,2261.60,2272.82,2261.60,2270.75
984,01/05/2017,2268.18,2271.50,2260.45,2269.00
985,01/06/2017,2271.14,2282.10,2264.06,2276.98
986,01/09/2017,2273.59,2275.49,2268.90,2268.90
987,01/10/2017,2269.72,2279.27,2265.27,2268.90
988,01/11/2017,2268.60,2275.32,2260.83,2275.32
989,01/12/2017,2271.14,2271.78,2254.25,2270.44
990,01/13/2017,2272.74,2278.68,2271.51,2274.64
991,01/17/2017,2269.14,2272.08,2262.81,2267.89
992,01/18/2017,2269.14,2272.01,2263.35,2271.89
993,01/19/2017,2271.90,2274.33,2258.41,2263.69
994,01/20/2017,2269.96,2276.96,2265.01,2271.31
995,01/23/2017,2267.78,2271.78,2257.02,2265.20
996,01/24/2017,2267.88,2284.63,2266.68,2280.07
997,01/25/2017,2288.88,2299.55,2288.88,2298.37
998,01/26/2017,2298.63,2300.99,2294.08,2296.68
999,01/27/2017,2299.02,2299.02,2291.62,2294.69
1000,01/30/2017,2286.01,2286.01,2268.04,2280.90
1001,01/31/2017,2274.02,2279.09,2267.21,2278.87
1002,02/01/2017,2285.59,2289.14,2272.44,2279.55
1003,02/02/2017,2276.69,2283.97,2271.65,2280.85
1004,02/03/2017,2288.54,2298.31,2287.88,2297.42
1005,02/06/2017,2294.28,2296.18,2288.57,2292.56
1006,02/07/2017,2295.87,2299.40,2290.16,2293.08
1007,02/08/2017,2289.55,2295.91,2285.38,2294.67
1008,02/09/2017,2296.70,2311.08,2296.61,2307.87
1009,02/10/2017,2312.27,2319.23,2311.10,2316.10
1010,02/13/2017,2321.72,2331.58,2321.42,2328.25
1011,02/14/2017,2326.12,2337.58,2322.17,2337.58
1012,02/15/2017,2335.58,2351.30,2334.81,2349.25
1013,02/16/2017,2349.64,2351.31,2338.87,2347.22
1014,02/17/2017,2343.01,2351.16,2339.58,2351.16
1015,02/21/2017,2354.91,2366.71,2354.91,2365.38
1016,02/22/2017,2361.11,2365.13,2358.34,2362.82
1017,02/23/2017,2367.50,2368.26,2355.09,2363.81
1018,02/24/2017,2355.73,2367.34,2352.87,2367.34
1019,02/27/2017,2365.23,2371.54,2361.87,2369.75
1020,02/28/2017,2366.08,2367.79,2358.96,2363.64
1021,03/01/2017,2380.13,2400.98,2380.13,2395.96
1022,03/02/2017,2394.75,2394.75,2380.17,2381.92
1023,03/03/2017,2380.92,2383.89,2375.39,2383.12
1024,03/06/2017,2375.23,2378.80,2367.98,2375.31
1025,03/07/2017,2370.74,2375.12,2365.51,2368.39
1026,03/08/2017,2369.81,2373.09,2361.01,2362.98
1027,03/09/2017,2363.49,2369.08,2354.54,2364.87
1028,03/10/2017,2372.52,2376.86,2363.04,2372.60
1029,03/13/2017,2371.56,2374.42,2368.52,2373.47
1030,03/14/2017,2368.55,2368.55,2358.18,2365.45
1031,03/15/2017,2370.34,2390.01,2368.94,2385.26
1032,03/16/2017,2387.71,2388.10,2377.18,2381.38
1033,03/17/2017,2383.71,2385.71,2377.64,2378.25
1034,03/20/2017,2378.24,2379.55,2369.66,2373.47
1035,03/21/2017,2379.32,2381.93,2341.90,2344.02
1036,03/22/2017,2343.00,2351.81,2336.45,2348.45
1037,03/23/2017,2345.97,2358.92,2342.13,2345.96
1038,03/24/2017,2350.42,2356.22,2335.74,2343.98
1039,03/27/2017,2329.11,2344.90,2322.25,2341.59
1040,03/28/2017,2339.79,2363.78,2337.63,2358.57
1041,03/29/2017,2356.54,2363.36,2352.94,2361.13
1042,03/30/2017,2361.31,2370.42,2358.58,2368.06
1043,03/31/2017,2364.82,2370.35,2362.60,2362.72
1044,04/03/2017,2362.34,2365.87,2344.73,2358.84
1045,04/04/2017,2354.76,2360.53,2350.72,2360.16
1046,04/05/2017,2366.59,2378.36,2350.52,2352.95
1047,04/06/2017,2353.79,2364.16,2348.90,2357.49
1048,04/07/2017,2356.59,2363.76,2350.74,2355.54
1049,04/10/2017,2357.16,2366.37,2351.50,2357.16
1050,04/11/2017,2353.92,2355.22,2337.25,2353.78
1051,04/12/2017,2352.15,2352.72,2341.18,2344.93
1052,04/13/2017,2341.98,2348.26,2328.95,2328.95
1053,04/17/2017,2332.62,2349.14,2332.51,2349.01
1054,04/18/2017,2342.53,2348.35,2334.54,2342.19
1055,04/19/2017,2346.79,2352.63,2335.05,2338.17
1056,04/20/2017,2342.69,2361.37,2340.91,2355.84
1057,04/21/2017,2354.74,2356.18,2344.51,2348.69
1058,04/24/2017,2370.33,2376.98,2369.19,2374.15
1059,04/25/2017,2381.51,2392.48,2381.15,2388.61
1060,04/26/2017,2388.98,2398.16,2386.76,2387.45
1061,04/27/2017,2389.70,2392.10,2382.68,2388.77
1062,04/28/2017,2393.68,2393.68,2382.36,2384.20
1063,05/01/2017,2388.50,2394.49,2384.83,2388.33
1064,05/02/2017,2391.05,2392.93,2385.82,2391.17
1065,05/03/2017,2386.50,2389.82,2379.75,2388.13
1066,05/04/2017,2389.79,2391.43,2380.35,2389.52
1067,05/05/2017,2392.37,2399.29,2389.38,2399.29
1068,05/08/2017,2399.94,2401.36,2393.92,2399.38
1069,05/09/2017,2401.58,2403.87,2392.44,2396.92
1070,05/10/2017,2396.79,2399.74,2392.79,2399.63
1071,05/11/2017,2394.84,2395.72,2381.74,2394.44
1072,05/12/2017,2392.44,2392.44,2387.19,2390.90
1073,05/15/2017,2393.98,2404.05,2393.94,2402.32
1074,05/16/2017,2404.55,2405.77,2396.05,2400.67
1075,05/17/2017,2382.95,2384.87,2356.21,2357.03
1076,05/18/2017,2354.69,2375.74,2352.72,2365.72
1077,05/19/2017,2371.37,2389.06,2370.43,2381.73
1078,05/22/2017,2387.21,2395.46,2386.92,2394.02
1079,05/23/2017,2397.04,2400.85,2393.88,2398.42
1080,05/24/2017,2401.41,2405.58,2397.99,2404.39
1081,05/25/2017,2409.54,2418.71,2408.01,2415.07
1082,05/26/2017,2414.50,2416.68,2412.20,2415.82
1083,05/30/2017,2411.67,2415.26,2409.43,2412.91
1084,05/31/2017,2415.63,2415.99,2403.59,2411.80
1085,06/01/2017,2415.65,2430.06,2413.54,2430.06
1086,06/02/2017,2431.28,2440.23,2427.71,2439.07
1087,06/05/2017,2437.83,2439.55,2434.32,2436.10
1088,06/06/2017,2431.92,2436.21,2428.12,2429.33
1089,06/07/2017,2432.03,2435.28,2424.75,2433.14
1090,06/08/2017,2434.27,2439.27,2427.94,2433.79
1091,06/09/2017,2436.39,2446.20,2415.70,2431.77
1092,06/12/2017,2425.88,2430.38,2419.97,2429.39
1093,06/13/2017,2434.15,2441.49,2431.28,2440.35
1094,06/14/2017,2443.75,2443.75,2428.34,2437.92
1095,06/15/2017,2424.14,2433.95,2418.53,2432.46
1096,06/16/2017,2431.24,2433.15,2422.88,2433.15
1097,06/19/2017,2442.55,2453.82,2441.79,2453.46
1098,06/20/2017,2450.66,2450.66,2436.60,2437.03
1099,06/21/2017,2439.31,2442.23,2430.74,2435.61
1100,06/22/2017,2437.40,2441.62,2433.27,2434.50
1101,06/23/2017,2434.65,2441.40,2431.11,2438.30
1102,06/26/2017,2443.32,2450.42,2437.03,2439.07
1103,06/27/2017,2436.34,2440.15,2419.38,2419.38
1104,06/28/2017,2428.70,2442.97,2428.02,2440.69
1105,06/29/2017,2442.38,2442.73,2405.70,2419.70
1106,06/30/2017,2429.20,2432.71,2421.65,2423.41
1107,07/03/2017,2431.39,2439.17,2428.69,2429.01
1108,07/05/2017,2430.78,2434.90,2422.05,2432.54
1109,07/06/2017,2423.44,2424.28,2407.70,2409.75
1110,07/07/2017,2413.52,2426.92,2413.52,2425.18
1111,07/10/2017,2424.51,2432.00,2422.27,2427.43
1112,07/11/2017,2427.35,2429.30,2412.79,2425.53
1113,07/12/2017,2435.75,2445.76,2435.75,2443.25
1114,07/13/2017,2444.99,2449.32,2441.69,2447.83
1115,07/14/2017,2449.16,2463.54,2446.69,2459.27
1116,07/17/2017,2459.50,2462.82,2457.16,2459.14
1117,07/18/2017,2455.88,2460.92,2450.34,2460.61
1118,07/19/2017,2463.85,2473.83,2463.85,2473.83
1119,07/20/2017,2475.56,2477.62,2468.43,2473.45
1120,07/21/2017,2467.40,2472.54,2465.06,2472.54
1121,07/24/2017,2472.04,2473.10,2466.32,2469.91
1122,07/25/2017,2477.88,2481.24,2474.91,2477.13
1123,07/26/2017,2479.97,2481.69,2474.94,2477.83
1124,07/27/2017,2482.76,2484.04,2459.93,2475.42
1125,07/28/2017,2469.12,2473.53,2464.66,2472.10
1126,07/31/2017,2475.94,2477.96,2468.53,2470.30
1127,08/01/2017,2477.10,2478.51,2471.14,2476.35
1128,08/02/2017,2480.38,2480.38,2466.48,2477.57
1129,08/03/2017,2476.03,2476.03,2468.85,2472.16
1130,08/04/2017,2476.88,2480.00,2472.08,2476.83
1131,08/07/2017,2477.14,2480.95,2475.88,2480.91
1132,08/08/2017,2478.35,2490.87,2470.32,2474.92
1133,08/09/2017,2465.35,2474.41,2462.08,2474.02
1134,08/10/2017,2465.38,2465.38,2437.75,2438.21
1135,08/11/2017,2441.04,2448.09,2437.85,2441.32
1136,08/14/2017,2454.96,2468.22,2454.96,2465.84
1137,08/15/2017,2468.66,2468.90,2461.61,2464.61
1138,08/16/2017,2468.63,2474.93,2463.86,2468.11
1139,08/17/2017,2462.95,2465.02,2430.01,2430.01
1140,08/18/2017,2427.64,2440.27,2420.69,2425.55
1141,08/21/2017,2425.50,2430.58,2417.35,2428.37
1142,08/22/2017,2433.75,2454.77,2433.67,2452.51
1143,08/23/2017,2444.88,2448.91,2441.42,2444.04
1144,08/24/2017,2447.91,2450.39,2436.19,2438.97
1145,08/25/2017,2444.72,2453.96,2442.22,2443.05
1146,08/28/2017,2447.35,2449.12,2439.03,2444.24
1147,08/29/2017,2431.94,2449.19,2428.20,2446.30
1148,08/30/2017,2446.06,2460.31,2443.77,2457.59
1149,08/31/2017,2462.65,2475.01,2462.65,2471.65
1150,09/01/2017,2474.42,2480.38,2473.85,2476.55
1151,09/05/2017,2470.35,2471.97,2446.55,2457.85
1152,09/06/2017,2463.83,2469.64,2459.20,2465.54
1153,09/07/2017,2468.06,2468.62,2460.29,2465.10
1154,09/08/2017,2462.25,2467.11,2459.40,2461.43
1155,09/11/2017,2474.52,2488.95,2474.52,2488.11
1156,09/12/2017,2491.94,2496.77,2490.37,2496.48
1157,09/13/2017,2493.89,2498.37,2492.14,2498.37
1158,09/14/2017,2494.56,2498.43,2491.35,2495.62
1159,09/15/2017,2495.67,2500.23,2493.16,2500.23
1160,09/18/2017,2502.51,2508.32,2499.92,2503.87
1161,09/19/2017,2506.29,2507.84,2503.19,2506.65
1162,09/20/2017,2506.84,2508.85,2496.67,2508.24
1163,09/21/2017,2507.16,2507.16,2499.00,2500.60
1164,09/22/2017,2497.26,2503.47,2496.54,2502.22
1165,09/25/2017,2499.39,2502.54,2488.03,2496.66
1166,09/26/2017,2501.04,2503.51,2495.12,2496.84
1167,09/27/2017,2503.30,2511.75,2495.91,2507.04
1168,09/28/2017,2503.41,2510.81,2502.93,2510.06
1169,09/29/2017,2509.96,2519.44,2507.99,2519.36
1170,10/02/2017,2521.20,2529.23,2520.40,2529.12
1171,10/03/2017,2530.34,2535.13,2528.85,2534.58
1172,10/04/2017,2533.48,2540.53,2531.80,2537.74
1173,10/05/2017,2540.86,2552.51,2540.02,2552.07
1174,10/06/2017,2547.44,2549.41,2543.79,2549.33
1175,10/09/2017,2551.39,2551.82,2541.60,2544.73
1176,10/10/2017,2549.99,2555.23,2544.86,2550.64
1177,10/11/2017,2550.62,2555.24,2547.95,2555.24
1178,10/12/2017,2552.88,2555.33,2548.31,2550.93
1179,10/13/2017,2555.66,2557.65,2552.09,2553.17
1180,10/16/2017,2555.57,2559.47,2552.64,2557.64
1181,10/17/2017,2557.17,2559.71,2554.69,2559.36
1182,10/18/2017,2562.87,2564.11,2559.67,2561.26
1183,10/19/2017,2553.39,2562.36,2547.92,2562.10
1184,10/20/2017,2567.56,2575.44,2567.56,2575.21
1185,10/23/2017,2578.08,2578.29,2564.33,2564.98
1186,10/24/2017,2568.66,2572.18,2565.58,2569.13
1187,10/25/2017,2566.52,2567.40,2544.00,2557.15
1188,10/26/2017,2560.08,2567.07,2559.80,2560.40
1189,10/27/2017,2570.26,2582.98,2565.94,2581.07
1190,10/30/2017,2577.75,2580.03,2568.25,2572.83
1191,10/31/2017,2575.99,2578.29,2572.15,2575.26
1192,11/01/2017,2583.21,2588.40,2574.92,2579.36
1193,11/02/2017,2579.46,2581.11,2566.17,2579.85
1194,11/03/2017,2581.93,2588.42,2576.77,2587.84
1195,11/06/2017,2587.47,2593.38,2585.66,2591.13
1196,11/07/2017,2592.11,2597.02,2584.35,2590.64
1197,11/08/2017,2588.71,2595.47,2585.02,2594.38
1198,11/09/2017,2584.00,2586.50,2566.33,2584.62
1199,11/10/2017,2580.18,2583.81,2575.57,2582.30
1200,11/13/2017,2576.53,2587.66,2574.48,2584.84
1201,11/14/2017,2577.75,2579.66,2566.56,2578.87
1202,11/15/2017,2569.45,2572.84,2557.45,2564.62
1203,11/16/2017,2572.95,2590.09,2572.95,2585.64
1204,11/17/2017,2582.94,2583.96,2577.62,2578.85
1205,11/20/2017,2579.49,2584.64,2578.24,2582.14
1206,11/21/2017,2589.17,2601.19,2589.17,2599.03
1207,11/22/2017,2600.31,2600.94,2595.23,2597.08
1208,11/24/2017,2600.42,2604.21,2600.42,2602.42
1209,11/27/2017,2602.66,2606.41,2598.87,2601.42
1210,11/28/2017,2605.94,2627.69,2605.44,2627.04
1211,11/29/2017,2627.82,2634.89,2620.32,2626.07
1212,11/30/2017,2633.93,2657.74,2633.93,2647.58
1213,12/01/2017,2645.10,2650.62,2605.52,2642.22
1214,12/04/2017,2657.19,2665.19,2639.03,2639.44
1215,12/05/2017,2639.78,2648.72,2627.73,2629.57
1216,12/06/2017,2626.24,2634.41,2624.75,2629.27
1217,12/07/2017,2628.38,2640.99,2626.53,2636.98
1218,12/08/2017,2646.21,2651.65,2644.10,2651.50
1219,12/11/2017,2652.19,2660.33,2651.47,2659.99
1220,12/12/2017,2661.73,2669.72,2659.78,2664.11
1221,12/13/2017,2667.59,2671.88,2662.85,2662.85
1222,12/14/2017,2665.87,2668.09,2652.01,2652.01
1223,12/15/2017,2660.63,2679.63,2659.14,2675.81
1224,12/18/2017,2685.92,2694.97,2685.92,2690.16
1225,12/19/2017,2692.71,2694.44,2680.74,2681.47
1226,12/20/2017,2688.18,2691.01,2676.11,2679.25
1227,12/21/2017,2683.02,2692.64,2682.40,2684.57
1228,12/22/2017,2684.22,2685.35,2678.13,2683.34
1229,12/26/2017,2679.09,2682.74,2677.96,2680.50
1230,12/27/2017,2682.10,2685.64,2678.91,2682.62
1231,12/28/2017,2686.10,2687.66,2682.69,2687.54
1232,12/29/2017,2689.15,2692.12,2673.61,2673.61
1233,01/02/2018,2683.73,2695.89,2682.36,2695.81
1234,01/03/2018,2697.85,2714.37,2697.77,2713.06
1235,01/04/2018,2719.31,2729.29,2719.07,2723.99
1236,01/05/2018,2731.33,2743.45,2727.92,2743.15
1237,01/08/2018,2742.67,2748.51,2737.60,2747.71
1238,01/09/2018,2751.15,2759.14,2747.86,2751.29
1239,01/10/2018,2745.55,2750.80,2736.06,2748.23
1240,01/11/2018,2752.97,2767.56,2752.78,2767.56
1241,01/12/2018,2770.18,2787.85,2769.64,2786.24
1242,01/16/2018,2798.96,2807.54,2768.64,2776.42
1243,01/17/2018,2784.99,2807.04,2778.38,2802.56
1244,01/18/2018,2802.40,2805.83,2792.56,2798.03
1245,01/19/2018,2802.60,2810.33,2798.08,2810.30
1246,01/22/2018,2809.16,2833.03,2808.12,2832.97
1247,01/23/2018,2835.05,2842.24,2830.59,2839.13
1248,01/24/2018,2845.42,2852.97,2824.81,2837.54
1249,01/25/2018,2846.24,2848.56,2830.94,2839.25
1250,01/26/2018,2847.48,2872.87,2846.18,2872.87
1251,01/29/2018,2867.23,2870.62,2851.48,2853.53
1252,01/30/2018,2832.74,2837.75,2818.27,2822.43
1253,01/31/2018,2832.41,2839.26,2813.04,2823.81
1254,02/01/2018,2816.45,2835.96,2812.70,2821.98
1255,02/02/2018,2808.92,2808.92,2759.97,2762.13
1256,02/05/2018,2741.06,2763.39,2638.17,2648.94
1257,02/06/2018,2614.78,2701.04,2593.07,2695.14
1258,02/07/2018,2690.95,2727.67,2681.33,2681.66